{
  "$type": "DailyDuty.Data.Configuration, DailyDuty",
  "System": {
    "$type": "DailyDuty.Data.SettingsObjects.SystemSettings, DailyDuty",
    "MinutesBetweenThrottledMessages": 5,
    "ShowSaveDebugInfo": false,
    "ClickableLinks": true,
    "EnableDebugOutput": false,
    "ShowVersionNumber": true,
    "SingleColumnSettings": false
  },
  "Timers": {
    "$type": "DailyDuty.Data.SettingsObjects.Timers.TimersSettings, DailyDuty",
    "Daily": {
      "$type": "DailyDuty.Data.SettingsObjects.Timers.TimerSettings, DailyDuty",
      "Enabled": false,
      "TimerStyle": {
        "$type": "DailyDuty.Data.Graphical.TimerStyle, DailyDuty",
        "Options": {
          "$type": "DailyDuty.Data.Graphical.TimerOptions, DailyDuty",
          "UseShortName": false,
          "ShowSeconds": true,
          "CondensedDisplay": false
        },
        "BackgroundColor": {
          "$type": "System.Numerics.Vector4, System.Private.CoreLib",
          "X": 0.0,
          "Y": 0.0,
          "Z": 0.0,
          "W": 1.0
        },
        "ForegroundColor": {
          "$type": "System.Numerics.Vector4, System.Private.CoreLib",
          "X": 0.6901961,
          "Y": 0.14901961,
          "Z": 0.9254902,
          "W": 1.0
        },
        "TextColor": {
          "$type": "System.Numerics.Vector4, System.Private.CoreLib",
          "X": 1.0,
          "Y": 1.0,
          "Z": 1.0,
          "W": 1.0
        },
        "Padding": 5,
        "Size": 200,
        "StretchToFit": false
      }
    },
    "Weekly": {
      "$type": "DailyDuty.Data.SettingsObjects.Timers.TimerSettings, DailyDuty",
      "Enabled": false,
      "TimerStyle": {
        "$type": "DailyDuty.Data.Graphical.TimerStyle, DailyDuty",
        "Options": {
          "$type": "DailyDuty.Data.Graphical.TimerOptions, DailyDuty",
          "UseShortName": false,
          "ShowSeconds": true,
          "CondensedDisplay": false
        },
        "BackgroundColor": {
          "$type": "System.Numerics.Vector4, System.Private.CoreLib",
          "X": 0.0,
          "Y": 0.0,
          "Z": 0.0,
          "W": 1.0
        },
        "ForegroundColor": {
          "$type": "System.Numerics.Vector4, System.Private.CoreLib",
          "X": 0.6901961,
          "Y": 0.14901961,
          "Z": 0.9254902,
          "W": 1.0
        },
        "TextColor": {
          "$type": "System.Numerics.Vector4, System.Private.CoreLib",
          "X": 1.0,
          "Y": 1.0,
          "Z": 1.0,
          "W": 1.0
        },
        "Padding": 5,
        "Size": 200,
        "StretchToFit": false
      }
    },
    "FashionReport": {
      "$type": "DailyDuty.Data.SettingsObjects.Timers.TimerSettings, DailyDuty",
      "Enabled": false,
      "TimerStyle": {
        "$type": "DailyDuty.Data.Graphical.TimerStyle, DailyDuty",
        "Options": {
          "$type": "DailyDuty.Data.Graphical.TimerOptions, DailyDuty",
          "UseShortName": false,
          "ShowSeconds": true,
          "CondensedDisplay": false
        },
        "BackgroundColor": {
          "$type": "System.Numerics.Vector4, System.Private.CoreLib",
          "X": 0.0,
          "Y": 0.0,
          "Z": 0.0,
          "W": 1.0
        },
        "ForegroundColor": {
          "$type": "System.Numerics.Vector4, System.Private.CoreLib",
          "X": 0.6901961,
          "Y": 0.14901961,
          "Z": 0.9254902,
          "W": 1.0
        },
        "TextColor": {
          "$type": "System.Numerics.Vector4, System.Private.CoreLib",
          "X": 1.0,
          "Y": 1.0,
          "Z": 1.0,
          "W": 1.0
        },
        "Padding": 5,
        "Size": 200,
        "StretchToFit": false
      }
    },
    "TreasureMap": {
      "$type": "DailyDuty.Data.SettingsObjects.Timers.TimerSettings, DailyDuty",
      "Enabled": false,
      "TimerStyle": {
        "$type": "DailyDuty.Data.Graphical.TimerStyle, DailyDuty",
        "Options": {
          "$type": "DailyDuty.Data.Graphical.TimerOptions, DailyDuty",
          "UseShortName": false,
          "ShowSeconds": true,
          "CondensedDisplay": false
        },
        "BackgroundColor": {
          "$type": "System.Numerics.Vector4, System.Private.CoreLib",
          "X": 0.0,
          "Y": 0.0,
          "Z": 0.0,
          "W": 1.0
        },
        "ForegroundColor": {
          "$type": "System.Numerics.Vector4, System.Private.CoreLib",
          "X": 0.6901961,
          "Y": 0.14901961,
          "Z": 0.9254902,
          "W": 1.0
        },
        "TextColor": {
          "$type": "System.Numerics.Vector4, System.Private.CoreLib",
          "X": 1.0,
          "Y": 1.0,
          "Z": 1.0,
          "W": 1.0
        },
        "Padding": 5,
        "Size": 200,
        "StretchToFit": false
      }
    },
    "JumboCactpot": {
      "$type": "DailyDuty.Data.SettingsObjects.Timers.TimerSettings, DailyDuty",
      "Enabled": false,
      "TimerStyle": {
        "$type": "DailyDuty.Data.Graphical.TimerStyle, DailyDuty",
        "Options": {
          "$type": "DailyDuty.Data.Graphical.TimerOptions, DailyDuty",
          "UseShortName": false,
          "ShowSeconds": true,
          "CondensedDisplay": false
        },
        "BackgroundColor": {
          "$type": "System.Numerics.Vector4, System.Private.CoreLib",
          "X": 0.0,
          "Y": 0.0,
          "Z": 0.0,
          "W": 1.0
        },
        "ForegroundColor": {
          "$type": "System.Numerics.Vector4, System.Private.CoreLib",
          "X": 0.6901961,
          "Y": 0.14901961,
          "Z": 0.9254902,
          "W": 1.0
        },
        "TextColor": {
          "$type": "System.Numerics.Vector4, System.Private.CoreLib",
          "X": 1.0,
          "Y": 1.0,
          "Z": 1.0,
          "W": 1.0
        },
        "Padding": 5,
        "Size": 200,
        "StretchToFit": false
      }
    },
    "LeveAllowance": {
      "$type": "DailyDuty.Data.SettingsObjects.Timers.TimerSettings, DailyDuty",
      "Enabled": false,
      "TimerStyle": {
        "$type": "DailyDuty.Data.Graphical.TimerStyle, DailyDuty",
        "Options": {
          "$type": "DailyDuty.Data.Graphical.TimerOptions, DailyDuty",
          "UseShortName": false,
          "ShowSeconds": true,
          "CondensedDisplay": false
        },
        "BackgroundColor": {
          "$type": "System.Numerics.Vector4, System.Private.CoreLib",
          "X": 0.0,
          "Y": 0.0,
          "Z": 0.0,
          "W": 1.0
        },
        "ForegroundColor": {
          "$type": "System.Numerics.Vector4, System.Private.CoreLib",
          "X": 0.6901961,
          "Y": 0.14901961,
          "Z": 0.9254902,
          "W": 1.0
        },
        "TextColor": {
          "$type": "System.Numerics.Vector4, System.Private.CoreLib",
          "X": 1.0,
          "Y": 1.0,
          "Z": 1.0,
          "W": 1.0
        },
        "Padding": 5,
        "Size": 200,
        "StretchToFit": false
      }
    }
  },
  "Windows": {
    "$type": "DailyDuty.Data.SettingsObjects.WindowsSettings, DailyDuty",
    "Todo": {
      "$type": "DailyDuty.Data.SettingsObjects.Windows.TodoWindowSettings, DailyDuty",
      "ShowDaily": true,
      "ShowWeekly": true,
      "HideWhenTasksComplete": false,
      "ShowTasksWhenComplete": false,
      "Anchor": 0,
      "Style": 0,
      "Colors": {
        "$type": "DailyDuty.Data.SettingsObjects.Windows.SubComponents.TaskColors, DailyDuty",
        "HeaderColor": {
          "$type": "System.Numerics.Vector4, System.Private.CoreLib",
          "X": 1.0,
          "Y": 1.0,
          "Z": 1.0,
          "W": 1.0
        },
        "IncompleteColor": {
          "$type": "System.Numerics.Vector4, System.Private.CoreLib",
          "X": 1.0,
          "Y": 0.0,
          "Z": 0.0,
          "W": 1.0
        },
        "CompleteColor": {
          "$type": "System.Numerics.Vector4, System.Private.CoreLib",
          "X": 0.0,
          "Y": 1.0,
          "Z": 0.0,
          "W": 1.0
        }
      },
      "ClickThrough": false,
      "HideInDuty": true,
      "Open": false,
      "Opacity": 1.0
    },
    "Settings": {
      "$type": "DailyDuty.Data.SettingsObjects.Windows.SettingsWindowSettings, DailyDuty",
      "ClickThrough": false,
      "HideInDuty": true,
      "Open": false,
      "Opacity": 1.0
    },
    "Timers": {
      "$type": "DailyDuty.Data.SettingsObjects.Windows.TimersWindowSettings, DailyDuty",
      "TimersSettings": {
        "$type": "DailyDuty.Data.SettingsObjects.Timers.TimersSettings, DailyDuty",
        "Daily": {
          "$type": "DailyDuty.Data.SettingsObjects.Timers.TimerSettings, DailyDuty",
          "Enabled": false,
          "TimerStyle": {
            "$type": "DailyDuty.Data.Graphical.TimerStyle, DailyDuty",
            "Options": {
              "$type": "DailyDuty.Data.Graphical.TimerOptions, DailyDuty",
              "UseShortName": false,
              "ShowSeconds": true,
              "CondensedDisplay": false
            },
            "BackgroundColor": {
              "$type": "System.Numerics.Vector4, System.Private.CoreLib",
              "X": 0.0,
              "Y": 0.0,
              "Z": 0.0,
              "W": 1.0
            },
            "ForegroundColor": {
              "$type": "System.Numerics.Vector4, System.Private.CoreLib",
              "X": 0.6901961,
              "Y": 0.14901961,
              "Z": 0.9254902,
              "W": 1.0
            },
            "TextColor": {
              "$type": "System.Numerics.Vector4, System.Private.CoreLib",
              "X": 1.0,
              "Y": 1.0,
              "Z": 1.0,
              "W": 1.0
            },
            "Padding": 5,
            "Size": 200,
            "StretchToFit": false
          }
        },
        "Weekly": {
          "$type": "DailyDuty.Data.SettingsObjects.Timers.TimerSettings, DailyDuty",
          "Enabled": false,
          "TimerStyle": {
            "$type": "DailyDuty.Data.Graphical.TimerStyle, DailyDuty",
            "Options": {
              "$type": "DailyDuty.Data.Graphical.TimerOptions, DailyDuty",
              "UseShortName": false,
              "ShowSeconds": true,
              "CondensedDisplay": false
            },
            "BackgroundColor": {
              "$type": "System.Numerics.Vector4, System.Private.CoreLib",
              "X": 0.0,
              "Y": 0.0,
              "Z": 0.0,
              "W": 1.0
            },
            "ForegroundColor": {
              "$type": "System.Numerics.Vector4, System.Private.CoreLib",
              "X": 0.6901961,
              "Y": 0.14901961,
              "Z": 0.9254902,
              "W": 1.0
            },
            "TextColor": {
              "$type": "System.Numerics.Vector4, System.Private.CoreLib",
              "X": 1.0,
              "Y": 1.0,
              "Z": 1.0,
              "W": 1.0
            },
            "Padding": 5,
            "Size": 200,
            "StretchToFit": false
          }
        },
        "FashionReport": {
          "$type": "DailyDuty.Data.SettingsObjects.Timers.TimerSettings, DailyDuty",
          "Enabled": false,
          "TimerStyle": {
            "$type": "DailyDuty.Data.Graphical.TimerStyle, DailyDuty",
            "Options": {
              "$type": "DailyDuty.Data.Graphical.TimerOptions, DailyDuty",
              "UseShortName": false,
              "ShowSeconds": true,
              "CondensedDisplay": false
            },
            "BackgroundColor": {
              "$type": "System.Numerics.Vector4, System.Private.CoreLib",
              "X": 0.0,
              "Y": 0.0,
              "Z": 0.0,
              "W": 1.0
            },
            "ForegroundColor": {
              "$type": "System.Numerics.Vector4, System.Private.CoreLib",
              "X": 0.6901961,
              "Y": 0.14901961,
              "Z": 0.9254902,
              "W": 1.0
            },
            "TextColor": {
              "$type": "System.Numerics.Vector4, System.Private.CoreLib",
              "X": 1.0,
              "Y": 1.0,
              "Z": 1.0,
              "W": 1.0
            },
            "Padding": 5,
            "Size": 200,
            "StretchToFit": false
          }
        },
        "TreasureMap": {
          "$type": "DailyDuty.Data.SettingsObjects.Timers.TimerSettings, DailyDuty",
          "Enabled": false,
          "TimerStyle": {
            "$type": "DailyDuty.Data.Graphical.TimerStyle, DailyDuty",
            "Options": {
              "$type": "DailyDuty.Data.Graphical.TimerOptions, DailyDuty",
              "UseShortName": false,
              "ShowSeconds": true,
              "CondensedDisplay": false
            },
            "BackgroundColor": {
              "$type": "System.Numerics.Vector4, System.Private.CoreLib",
              "X": 0.0,
              "Y": 0.0,
              "Z": 0.0,
              "W": 1.0
            },
            "ForegroundColor": {
              "$type": "System.Numerics.Vector4, System.Private.CoreLib",
              "X": 0.6901961,
              "Y": 0.14901961,
              "Z": 0.9254902,
              "W": 1.0
            },
            "TextColor": {
              "$type": "System.Numerics.Vector4, System.Private.CoreLib",
              "X": 1.0,
              "Y": 1.0,
              "Z": 1.0,
              "W": 1.0
            },
            "Padding": 5,
            "Size": 200,
            "StretchToFit": false
          }
        },
        "JumboCactpot": {
          "$type": "DailyDuty.Data.SettingsObjects.Timers.TimerSettings, DailyDuty",
          "Enabled": false,
          "TimerStyle": {
            "$type": "DailyDuty.Data.Graphical.TimerStyle, DailyDuty",
            "Options": {
              "$type": "DailyDuty.Data.Graphical.TimerOptions, DailyDuty",
              "UseShortName": false,
              "ShowSeconds": true,
              "CondensedDisplay": false
            },
            "BackgroundColor": {
              "$type": "System.Numerics.Vector4, System.Private.CoreLib",
              "X": 0.0,
              "Y": 0.0,
              "Z": 0.0,
              "W": 1.0
            },
            "ForegroundColor": {
              "$type": "System.Numerics.Vector4, System.Private.CoreLib",
              "X": 0.6901961,
              "Y": 0.14901961,
              "Z": 0.9254902,
              "W": 1.0
            },
            "TextColor": {
              "$type": "System.Numerics.Vector4, System.Private.CoreLib",
              "X": 1.0,
              "Y": 1.0,
              "Z": 1.0,
              "W": 1.0
            },
            "Padding": 5,
            "Size": 200,
            "StretchToFit": false
          }
        },
        "LeveAllowance": {
          "$type": "DailyDuty.Data.SettingsObjects.Timers.TimerSettings, DailyDuty",
          "Enabled": false,
          "TimerStyle": {
            "$type": "DailyDuty.Data.Graphical.TimerStyle, DailyDuty",
            "Options": {
              "$type": "DailyDuty.Data.Graphical.TimerOptions, DailyDuty",
              "UseShortName": false,
              "ShowSeconds": true,
              "CondensedDisplay": false
            },
            "BackgroundColor": {
              "$type": "System.Numerics.Vector4, System.Private.CoreLib",
              "X": 0.0,
              "Y": 0.0,
              "Z": 0.0,
              "W": 1.0
            },
            "ForegroundColor": {
              "$type": "System.Numerics.Vector4, System.Private.CoreLib",
              "X": 0.6901961,
              "Y": 0.14901961,
              "Z": 0.9254902,
              "W": 1.0
            },
            "TextColor": {
              "$type": "System.Numerics.Vector4, System.Private.CoreLib",
              "X": 1.0,
              "Y": 1.0,
              "Z": 1.0,
              "W": 1.0
            },
            "Padding": 5,
            "Size": 200,
            "StretchToFit": false
          }
        }
      },
      "ClickThrough": false,
      "HideInDuty": true,
      "Open": false,
      "Opacity": 1.0
    },
    "Notice": {
      "$type": "DailyDuty.Data.SettingsObjects.Notice.NoticeSettings, DailyDuty",
      "NoticeShown": true,
      "Version": 2
    }
  },
  "Addons": {
    "$type": "DailyDuty.Data.SettingsObjects.AddonSettings, DailyDuty",
    "DutyFinder": {
      "$type": "DailyDuty.Data.SettingsObjects.Addons.DutyFinderAddonSettings, DailyDuty",
      "Enabled": true,
      "WondrousTailsOverlayEnabled": true,
      "DutyRouletteOverlayEnabled": false,
      "DutyRouletteCompleteColor": {
        "$type": "System.Numerics.Vector4, System.Private.CoreLib",
        "X": 0.12941177,
        "Y": 0.75686276,
        "Z": 0.0,
        "W": 1.0
      },
      "DutyRouletteIncompleteColor": {
        "$type": "System.Numerics.Vector4, System.Private.CoreLib",
        "X": 0.8235294,
        "Y": 0.16470589,
        "Z": 0.16862746,
        "W": 1.0
      }
    }
  },
  "CharacterSettingsMap": {
    "$type": "System.Collections.Generic.Dictionary`2[[System.UInt64, System.Private.CoreLib],[DailyDuty.Data.SettingsObjects.CharacterSettings, DailyDuty]], System.Private.CoreLib",
    "18014598539571838": {
      "$type": "DailyDuty.Data.SettingsObjects.CharacterSettings, DailyDuty",
      "CharacterName": "Nana'ko Vape",
      "BeastTribe": {
        "$type": "DailyDuty.Data.SettingsObjects.Daily.BeastTribeSettings, DailyDuty",
        "NotificationThreshold": 12,
        "NumberTrackedTribes": 4,
        "Mode": 1,
        "NextReset": "0001-01-01T00:00:00",
        "Enabled": false,
        "ZoneChangeReminder": false,
        "LoginReminder": false
      },
      "DutyRoulette": {
        "$type": "DailyDuty.Data.SettingsObjects.Daily.DutyRouletteSettings, DailyDuty",
        "SingleTask": false,
        "TrackedRoulettes": [
          {
            "$type": "DailyDuty.Data.ModuleData.DutyRoulette.TrackedRoulette, DailyDuty",
            "Tracked": true,
            "Completed": false,
            "Type": 5
          },
          {
            "$type": "DailyDuty.Data.ModuleData.DutyRoulette.TrackedRoulette, DailyDuty",
            "Tracked": false,
            "Completed": false,
            "Type": 8
          },
          {
            "$type": "DailyDuty.Data.ModuleData.DutyRoulette.TrackedRoulette, DailyDuty",
            "Tracked": false,
            "Completed": false,
            "Type": 2
          },
          {
            "$type": "DailyDuty.Data.ModuleData.DutyRoulette.TrackedRoulette, DailyDuty",
            "Tracked": true,
            "Completed": true,
            "Type": 1
          },
          {
            "$type": "DailyDuty.Data.ModuleData.DutyRoulette.TrackedRoulette, DailyDuty",
            "Tracked": true,
            "Completed": true,
            "Type": 6
          },
          {
            "$type": "DailyDuty.Data.ModuleData.DutyRoulette.TrackedRoulette, DailyDuty",
            "Tracked": false,
            "Completed": false,
            "Type": 3
          },
          {
            "$type": "DailyDuty.Data.ModuleData.DutyRoulette.TrackedRoulette, DailyDuty",
            "Tracked": false,
            "Completed": false,
            "Type": 4
          },
          {
            "$type": "DailyDuty.Data.ModuleData.DutyRoulette.TrackedRoulette, DailyDuty",
            "Tracked": false,
            "Completed": false,
            "Type": 15
          },
          {
            "$type": "DailyDuty.Data.ModuleData.DutyRoulette.TrackedRoulette, DailyDuty",
            "Tracked": false,
            "Completed": false,
            "Type": 17
          },
          {
            "$type": "DailyDuty.Data.ModuleData.DutyRoulette.TrackedRoulette, DailyDuty",
            "Tracked": true,
            "Completed": false,
            "Type": 7
          },
          {
            "$type": "DailyDuty.Data.ModuleData.DutyRoulette.TrackedRoulette, DailyDuty",
            "Tracked": false,
            "Completed": false,
            "Type": 9
          }
        ],
        "NextReset": "2022-05-04T15:00:00Z",
        "Enabled": true,
        "ZoneChangeReminder": true,
        "LoginReminder": true
      },
      "GrandCompany": {
        "$type": "DailyDuty.Data.SettingsObjects.Daily.GrandCompanySettings, DailyDuty",
        "NextReset": "0001-01-01T00:00:00",
        "Enabled": false,
        "ZoneChangeReminder": false,
        "LoginReminder": false
      },
      "Levequest": {
        "$type": "DailyDuty.Data.SettingsObjects.Daily.LevequestSettings, DailyDuty",
        "WarningThreshold": 97,
        "AboveThresholdWarning": false,
        "NextReset": "0001-01-01T00:00:00",
        "Enabled": false,
        "ZoneChangeReminder": false,
        "LoginReminder": false
      },
      "MiniCactpot": {
        "$type": "DailyDuty.Data.SettingsObjects.Daily.MiniCactpotSettings, DailyDuty",
        "TicketsRemaining": 3,
        "NextReset": "2022-05-04T15:00:00Z",
        "Enabled": true,
        "ZoneChangeReminder": true,
        "LoginReminder": true
      },
      "TreasureMap": {
        "$type": "DailyDuty.Data.SettingsObjects.Daily.TreasureMapSettings, DailyDuty",
        "LastMapGathered": "0001-01-01T00:00:00",
        "MinimumMapLevel": 0,
        "NotifyOnAcquisition": false,
        "HarvestableMapNotification": false,
        "NextReset": "0001-01-01T00:00:00",
        "Enabled": false,
        "ZoneChangeReminder": false,
        "LoginReminder": false
      },
      "DailyHuntMarks": {
        "$type": "DailyDuty.Data.SettingsObjects.Daily.DailyHuntMarksSettings, DailyDuty",
        "TrackedHunts": [
          {
            "$type": "DailyDuty.Data.ModuleData.HuntMarks.TrackedHunt, DailyDuty",
            "Tracked": false,
            "Type": 0,
            "State": 0
          },
          {
            "$type": "DailyDuty.Data.ModuleData.HuntMarks.TrackedHunt, DailyDuty",
            "Tracked": false,
            "Type": 1,
            "State": 0
          },
          {
            "$type": "DailyDuty.Data.ModuleData.HuntMarks.TrackedHunt, DailyDuty",
            "Tracked": false,
            "Type": 2,
            "State": 0
          },
          {
            "$type": "DailyDuty.Data.ModuleData.HuntMarks.TrackedHunt, DailyDuty",
            "Tracked": false,
            "Type": 3,
            "State": 0
          },
          {
            "$type": "DailyDuty.Data.ModuleData.HuntMarks.TrackedHunt, DailyDuty",
            "Tracked": false,
            "Type": 6,
            "State": 0
          },
          {
            "$type": "DailyDuty.Data.ModuleData.HuntMarks.TrackedHunt, DailyDuty",
            "Tracked": false,
            "Type": 7,
            "State": 0
          },
          {
            "$type": "DailyDuty.Data.ModuleData.HuntMarks.TrackedHunt, DailyDuty",
            "Tracked": false,
            "Type": 8,
            "State": 0
          },
          {
            "$type": "DailyDuty.Data.ModuleData.HuntMarks.TrackedHunt, DailyDuty",
            "Tracked": false,
            "Type": 10,
            "State": 0
          },
          {
            "$type": "DailyDuty.Data.ModuleData.HuntMarks.TrackedHunt, DailyDuty",
            "Tracked": false,
            "Type": 11,
            "State": 0
          },
          {
            "$type": "DailyDuty.Data.ModuleData.HuntMarks.TrackedHunt, DailyDuty",
            "Tracked": false,
            "Type": 12,
            "State": 0
          },
          {
            "$type": "DailyDuty.Data.ModuleData.HuntMarks.TrackedHunt, DailyDuty",
            "Tracked": false,
            "Type": 14,
            "State": 0
          },
          {
            "$type": "DailyDuty.Data.ModuleData.HuntMarks.TrackedHunt, DailyDuty",
            "Tracked": false,
            "Type": 15,
            "State": 0
          },
          {
            "$type": "DailyDuty.Data.ModuleData.HuntMarks.TrackedHunt, DailyDuty",
            "Tracked": false,
            "Type": 16,
            "State": 0
          }
        ],
        "NextReset": "0001-01-01T00:00:00",
        "Enabled": false,
        "ZoneChangeReminder": false,
        "LoginReminder": false
      },
      "BlueMageLog": {
        "$type": "DailyDuty.Data.SettingsObjects.Weekly.BlueMageLogSettings, DailyDuty",
        "NextReset": "0001-01-01T00:00:00",
        "Enabled": false,
        "ZoneChangeReminder": false,
        "LoginReminder": false
      },
      "ChallengeLog": {
        "$type": "DailyDuty.Data.SettingsObjects.Weekly.ChallengeLogSettings, DailyDuty",
        "NextReset": "0001-01-01T00:00:00",
        "Enabled": false,
        "ZoneChangeReminder": false,
        "LoginReminder": false
      },
      "CustomDelivery": {
        "$type": "DailyDuty.Data.SettingsObjects.Weekly.CustomDeliverySettings, DailyDuty",
        "NextReset": "2022-03-29T08:00:00Z",
        "Enabled": false,
        "ZoneChangeReminder": false,
        "LoginReminder": false
      },
      "DomanEnclave": {
        "$type": "DailyDuty.Data.SettingsObjects.Weekly.DomanEnclaveSettings, DailyDuty",
        "DonatedThisWeek": 0,
        "WeeklyAllowance": 20000,
        "NextReset": "2022-05-10T08:00:00Z",
        "Enabled": false,
        "ZoneChangeReminder": false,
        "LoginReminder": false
      },
      "FashionReport": {
        "$type": "DailyDuty.Data.SettingsObjects.Weekly.FashionReportSettings, DailyDuty",
        "AllowancesRemaining": 4,
        "HighestWeeklyScore": 0,
        "Mode": 0,
        "NextReset": "2022-05-10T08:00:00Z",
        "Enabled": true,
        "ZoneChangeReminder": true,
        "LoginReminder": true
      },
      "WeeklyHuntMarks": {
        "$type": "DailyDuty.Data.SettingsObjects.Weekly.WeeklyHuntMarksSettings, DailyDuty",
        "TrackedHunts": [
          {
            "$type": "DailyDuty.Data.ModuleData.HuntMarks.TrackedHunt, DailyDuty",
            "Tracked": false,
            "Type": 4,
            "State": 0
          },
          {
            "$type": "DailyDuty.Data.ModuleData.HuntMarks.TrackedHunt, DailyDuty",
            "Tracked": false,
            "Type": 5,
            "State": 0
          },
          {
            "$type": "DailyDuty.Data.ModuleData.HuntMarks.TrackedHunt, DailyDuty",
            "Tracked": false,
            "Type": 9,
            "State": 0
          },
          {
            "$type": "DailyDuty.Data.ModuleData.HuntMarks.TrackedHunt, DailyDuty",
            "Tracked": false,
            "Type": 13,
            "State": 0
          },
          {
            "$type": "DailyDuty.Data.ModuleData.HuntMarks.TrackedHunt, DailyDuty",
            "Tracked": false,
            "Type": 17,
            "State": 0
          }
        ],
        "NextReset": "2022-05-10T08:00:00Z",
        "Enabled": false,
        "ZoneChangeReminder": false,
        "LoginReminder": false
      },
      "JumboCactpot": {
        "$type": "DailyDuty.Data.SettingsObjects.Weekly.JumboCactpotSettings, DailyDuty",
        "Tickets": [],
        "NextReset": "2022-05-07T19:00:00Z",
        "Enabled": true,
        "ZoneChangeReminder": true,
        "LoginReminder": true
      },
      "MaskedCarnival": {
        "$type": "DailyDuty.Data.SettingsObjects.Weekly.MaskedCarnivalSettings, DailyDuty",
        "NextReset": "0001-01-01T00:00:00",
        "Enabled": false,
        "ZoneChangeReminder": false,
        "LoginReminder": false
      },
      "WondrousTails": {
        "$type": "DailyDuty.Data.SettingsObjects.Weekly.WondrousTailsSettings, DailyDuty",
        "NumPlacedStickers": 9,
        "InstanceNotifications": true,
        "RerollNotificationStickers": true,
        "RerollNotificationTasks": true,
        "NewBookNotification": true,
        "CompletionDate": "2022-05-01T15:25:16.5952043Z",
        "BookCompleteNotification": false,
        "NextReset": "0001-01-01T00:00:00",
        "Enabled": true,
        "ZoneChangeReminder": true,
        "LoginReminder": true
      }
    }
  },
  "Version": 1
}